date,PM2.5 (µg/m³),PM10 (µg/m³),NO2 (µg/m³),SO2 (µg/m³),CO (mg/m³),Ozone (µg/m³),temperature_2m (°C),relative_humidity_2m (%),wind_speed_10m (km/h)
01-01-2024,45.91,88.96,16.29,7.9,0.66,26.67,21.27083333,71,7.816666667
02-01-2024,45.56,95.51,31,7.77,0.62,34.32,20.87916667,73.95833333,9.079166667
03-01-2024,53.89,93.15,15.95,8.66,0.67,31.08,21.82083333,70.875,11.64583333
04-01-2024,80.67,87.19,14.76,7.85,0.76,28.07,22.0375,68.70833333,11.6875
05-01-2024,38.43,79.43,15.16,7.64,0.67,28.65,21.31666667,67.75,11.12083333
06-01-2024,32.22,70.35,15.29,8.51,0.54,26.33,21.44583333,70.33333333,11.49583333
07-01-2024,38.57,67.98,16.56,7.24,1.74,26,21.1875,69.375,12.35
08-01-2024,37.52,77.42,19.23,7.32,0.69,29.67,21.73333333,62.54166667,12.025
09-01-2024,45.43,86.74,15.74,8.25,0.65,26.86,22.25416667,66.95833333,10.67083333
10-01-2024,46.69,92.1,19.26,8.86,0.76,25.04,22.12916667,67.16666667,7.175
11-01-2024,44.36,93.81,18.67,10.25,0.81,27,23.39583333,61.95833333,7.479166667
12-01-2024,44.79,92.75,19.21,9.25,0.81,28.73,23.49166667,68.45833333,7.554166667
13-01-2024,42.79,89.8,17.2,8.51,0.8,24.42,24.02916667,64.5,5.591666667
14-01-2024,45.89,99.13,23.07,9.86,0.79,31.14,23.72916667,58.75,5.304166667
15-01-2024,42.75,83.98,24.83,9.26,0.72,30.5,23.59166667,60.91666667,5.058333333
16-01-2024,42,83.35,31.06,7.13,0.62,30.13,23.84166667,64.25,7.4625
17-01-2024,38.9,79.02,19.69,7.09,0.55,28.33,23.72916667,61.58333333,9.808333333
18-01-2024,33.65,76.61,13.16,7.06,0.47,25.61,23.04166667,62.25,7.566666667
19-01-2024,34.56,73.1,29.59,8.13,0.6,34.03,24.00416667,57.45833333,7.666666667
20-01-2024,29.32,68.17,19.23,7.25,0.54,25.3,23.8125,61.20833333,10.23333333
21-01-2024,26.41,63.35,31.66,8.39,0.58,27.65,24.1125,61.58333333,6.6
22-01-2024,31.25,70.88,18.52,7.8,0.56,25.55,24.825,62.33333333,8.1875
23-01-2024,29.38,72.13,13.83,8.56,0.59,22.7,24.875,61.95833333,9.6875
24-01-2024,33.57,75.94,17.32,9.66,0.61,25.41,24.29583333,65.16666667,8.054166667
25-01-2024,47.3,94.38,21.62,16.79,0.68,29.48,22.61666667,70,6.5875
26-01-2024,38,81.13,17.04,12.57,0.6,27.98,23.37916667,65.66666667,7.379166667
27-01-2024,37.66,83.04,16.02,8.41,0.64,25.04,22.575,69.79166667,8.475
28-01-2024,43.16,92.39,18.37,9.58,0.7,29.47,22.49583333,58.5,8.6
29-01-2024,44.53,92.23,17.86,9.28,0.63,30.03,22.4625,65.125,7.891666667
30-01-2024,37.46,84.27,17.21,9.58,0.61,28.82,22.8125,59.29166667,8.095833333
31-01-2024,28.57,75.34,18.93,9.91,0.54,24.37,23.54583333,57.70833333,8.108333333
01-02-2024,30.09,77.62,17.41,12.34,0.6,27.16,24.01666667,54.41666667,9.554166667
02-02-2024,32.58,79.82,23.56,10.03,0.61,27.12,24.72083333,62.41666667,6.608333333
03-02-2024,31.97,73.96,16.65,8.83,0.53,23.2,24.61666667,67.16666667,8.066666667
04-02-2024,33.11,80.5,19.99,10.96,0.59,29.25,25.3375,60.95833333,7.654166667
05-02-2024,31.14,76.36,17.92,9.73,0.56,25.13,26.22916667,56.70833333,6.004166667
06-02-2024,33.24,79.29,16.02,9.08,0.6,24.61,26.6375,56.54166667,6.545833333
07-02-2024,32.8,79.47,22.68,10.62,0.63,26.05,27.31666667,50.125,5.391666667
08-02-2024,41.38,92.39,17.62,10.71,0.64,30.19,26.54583333,52.08333333,6.791666667
09-02-2024,33.92,87.01,15.89,12.76,0.49,28.56,25.92916667,55.08333333,9.333333333
10-02-2024,31.86,79.07,16.12,8.47,0.5,24.58,25.81666667,62.41666667,11.93333333
11-02-2024,31.13,74.31,22.41,7.58,0.48,31.2,25.92916667,59.08333333,12.32916667
12-02-2024,31.22,74.93,16.57,6.65,0.52,29.8,24.95,57.45833333,12.35833333
13-02-2024,21.68,70.95,13.85,7.91,0.47,27.21,25,55.16666667,10.8
14-02-2024,24.57,72.21,15.44,8.7,0.51,26.87,25.01666667,49.83333333,9.754166667
15-02-2024,24.24,72.29,15.1,7.9,0.48,30.13,24.7875,48.5,10.475
16-02-2024,23.77,70.94,17.54,8.13,0.47,28.02,23.94583333,42.29166667,10.85416667
17-02-2024,26.35,72.6,19.54,9.56,0.55,30.31,25.09166667,33.70833333,8.45
18-02-2024,25.47,69.78,30.88,9.4,0.58,37.12,25.9625,33.75,8.333333333
19-02-2024,28.17,75.12,18.92,11.12,0.52,28.19,26.7375,36.125,9.154166667
20-02-2024,32.84,77.99,15.18,11.15,0.55,26.19,27.01666667,41,8.3
21-02-2024,33.45,80.45,15.99,11.52,0.61,24.4,26.79583333,38.625,8.4625
22-02-2024,35.51,82.23,14.96,10.7,0.63,26.62,25.85833333,40.91666667,8.483333333
23-02-2024,35.22,85.41,17.15,13.21,0.61,28.33,26.03333333,45.375,7.654166667
24-02-2024,36.56,83.37,15.45,9.03,0.58,23.88,27.22083333,63.20833333,10.87916667
25-02-2024,28.85,69.85,16.67,7.18,0.48,21.96,26.30833333,64.75,11.4
26-02-2024,27.46,70.75,13.97,10.32,0.48,23.62,26.10416667,62.16666667,14.6375
27-02-2024,25.22,69.24,14.91,7.93,0.51,21.82,26.38333333,52.83333333,10.15833333
28-02-2024,26.12,72.35,17.07,7.67,0.56,25.03,25.50416667,47.375,8.595833333
29-02-2024,30.14,79.32,16.22,9.61,0.6,26.78,26.54166667,44.16666667,8.65
01-03-2024,33.82,84,22.82,8.75,0.63,29.26,27.55,44,10.39166667
02-03-2024,27.28,76.77,15.96,8.91,0.49,28.11,28.21666667,39.54166667,10.4
03-03-2024,29.04,75.93,18.33,11.41,0.58,28.29,28.0875,42.125,8.525
04-03-2024,32.39,85.24,15.45,10.27,0.58,27.62,28.35833333,43.25,9.670833333
05-03-2024,36.57,87.84,16.17,10.09,0.54,26.3,28.09166667,45.75,6.879166667
06-03-2024,29.82,77.53,16.24,9.54,0.49,26.64,29.37083333,41.54166667,8.4125
07-03-2024,33.71,84.39,19.31,12.04,0.62,30.62,28.775,40.25,8.45
08-03-2024,35.12,80.68,15.54,11.02,0.66,26.25,28.89583333,46.875,8.004166667
09-03-2024,35,82.53,16.09,11.55,0.65,28.09,29.77083333,44.33333333,7.158333333
10-03-2024,31,74.69,13.38,8.71,0.5,21.36,28.27916667,53.04166667,9.9125
11-03-2024,28.84,72.38,14.32,7.97,0.49,26.14,28.56666667,46.125,7.558333333
12-03-2024,36.8,84.47,14.75,9.58,0.62,29.57,30.46666667,41.875,7.708333333
13-03-2024,38.39,90.07,15.94,10.43,0.57,32.63,31.00416667,40.20833333,11.28333333
14-03-2024,43.6,96.44,18.45,10.68,0.62,30.06,29.30833333,50,6.5125
15-03-2024,43.27,98.46,16.16,10.26,0.59,31.19,29.80416667,44.375,10.675
16-03-2024,32.65,84.55,13.3,9.39,0.52,26.86,28.60833333,59.95833333,11.31666667
17-03-2024,28.21,71.69,13.32,9.42,0.53,24.34,27.85,59.75,10.44583333
18-03-2024,26.15,70.14,13.31,10.29,0.53,20.91,27.87916667,55.16666667,8.275
19-03-2024,30.74,74.74,15.33,9.81,0.6,22.76,28.44583333,47,11.17916667
20-03-2024,33.48,79.33,13.9,9.38,0.54,22.96,25.69166667,61.125,12.15416667
21-03-2024,31.48,75.59,15.05,9.47,0.54,26.47,26.75,47.25,9.7625
22-03-2024,29.16,80.2,15.63,11.17,0.62,31.73,28.10416667,42.91666667,6.2625
23-03-2024,30.71,80.61,15.38,10.12,0.55,32.79,29.64166667,40.625,6.9
24-03-2024,31.31,84,18.28,10.82,0.61,36.15,29.67083333,41.20833333,10.2125
25-03-2024,31.21,80.11,25.7,9.92,0.68,36.86,29.17916667,40.41666667,7.741666667
26-03-2024,30.24,78.23,15.14,10.67,0.64,37.26,29.81666667,35.41666667,9.620833333
27-03-2024,30.06,79.33,18.46,9.56,0.61,32.77,29.6,36,9.05
28-03-2024,32.59,81.77,16.98,9.85,0.65,28.11,30.3,40.04166667,8.845833333
29-03-2024,35.66,87.21,15.37,12.01,0.63,38.96,30.84166667,37.08333333,10.8625
30-03-2024,31.67,82.99,15.22,9.29,0.59,33.91,30.68333333,37.08333333,9.320833333
31-03-2024,31.74,83.78,15.27,10.49,0.71,36.89,30.0375,36.70833333,7.329166667
01-04-2024,31.99,80.37,15.8,8.95,0.65,33.91,31.25833333,37.70833333,7.791666667
02-04-2024,36.9,91.06,15.6,9.61,0.67,38.82,31.12916667,41.41666667,6.75
03-04-2024,34.9,85.88,15.04,9.27,0.62,32.62,31.60416667,39.625,8.366666667
04-04-2024,33.41,83.96,15.19,9.77,0.63,35.37,31.78333333,39.625,8.1375
05-04-2024,33.84,85.15,14.6,10.59,0.69,35.24,32.2375,33.41666667,7.458333333
06-04-2024,37.78,92.36,16.7,12.61,0.9,32.8,32.28333333,31.04166667,8.7375
07-04-2024,33.03,84.66,15.26,10.09,0.68,37.58,32.60833333,31.66666667,11.65833333
08-04-2024,39.46,94.82,14.73,11.71,0.61,32.96,30.69166667,48.20833333,17.2875
09-04-2024,31.32,77.19,13.15,7.48,0.46,32.78,29.8375,52.04166667,13.64583333
10-04-2024,30.23,78.74,14.1,7.36,0.57,36.59,30.32916667,41.125,12.88333333
11-04-2024,27.91,72.43,14.2,8.59,0.56,33.75,28.975,51.45833333,12.16666667
12-04-2024,30.87,78.44,12.92,7.87,0.54,29.68,28.09166667,60.75,11.5875
13-04-2024,27.93,74.73,14.82,8.93,0.64,26.03,28.00833333,53.95833333,7.320833333
14-04-2024,27.82,73.7,13.95,8.34,0.61,31.04,30.1625,45.79166667,8.6125
15-04-2024,30.09,77.83,15.2,8.6,0.67,36.2,31.0125,38.33333333,8.354166667
16-04-2024,33.22,87.01,16.01,11.04,0.73,36.09,31.70833333,38.79166667,8.220833333
17-04-2024,33.5,82.16,16.77,10.3,0.73,40.67,32,40.45833333,6.933333333
18-04-2024,39.42,86.22,18.72,9.37,0.78,35.07,32.30833333,42.29166667,4.866666667
19-04-2024,36.98,85.25,16.17,9.53,0.74,28.82,32.05833333,42,8.191666667
20-04-2024,38.03,81.87,20.95,9.96,0.79,27.41,30.10833333,54,9.55
21-04-2024,33.36,79.4,34.49,11.62,0.79,36.43,30.77916667,46.29166667,9.220833333
22-04-2024,32.05,78.93,16.2,8.78,0.69,38.15,30.4375,49.45833333,8.604166667
23-04-2024,30.01,79.31,15.97,11.28,0.56,36.74,30.90416667,37.125,6.25
24-04-2024,38.38,79.55,16.76,11.18,0.72,35.14,31.30833333,33.45833333,8.566666667
25-04-2024,35.54,79.46,16.36,12,0.66,33.62,31.54166667,33.125,8.075
26-04-2024,34.32,79.97,16.58,11.06,0.62,32.26,32.55416667,34.33333333,7.141666667
27-04-2024,75.81,87.98,16.02,11.69,0.67,34.69,32.67083333,36.04166667,7.083333333
28-04-2024,98.69,78.29,16.47,10.28,0.61,32.64,33.1,33.70833333,8.625
29-04-2024,67.62,79.21,16.02,9.64,0.55,31.79,33.375,35.20833333,6.879166667
30-04-2024,35.82,79.74,16.53,10.8,0.61,27.22,33.6,35,7.166666667
01-05-2024,37.53,86.13,16.48,12.09,0.63,26.11,33.31666667,30.45833333,10.075
02-05-2024,39.86,97.95,18.62,16.56,0.8,24.5,32.58333333,24.79166667,9.133333333
03-05-2024,41.7,97.52,21.18,15.78,0.94,29.85,32.8,33.29166667,8.754166667
04-05-2024,42.98,97.62,17.21,12.3,0.82,28.26,33.59166667,39.875,6.85
05-05-2024,40.14,92.06,17.05,13.84,0.69,28.06,33.4125,45.16666667,9.233333333
06-05-2024,35.78,84.09,17,11.25,0.64,32.7,34.12083333,42.75,8.583333333
07-05-2024,31.37,75.4,13.45,8.72,0.53,34.96,28.5625,67.91666667,14.13333333
08-05-2024,31.36,78.4,13.42,8.7,0.55,36.6,30.34583333,54.95833333,9.4
09-05-2024,26.21,67.68,15.2,9.67,0.58,36.72,29.1,64.45833333,10.43333333
10-05-2024,26.7,68.8,20.13,9.72,0.59,34.89,27.975,74.70833333,6.254166667
11-05-2024,27.84,74.25,16.78,9.81,0.6,35.26,31.1625,50.20833333,8.225
12-05-2024,25.67,67.27,14.31,10.01,0.54,29.86,29.97916667,60.83333333,5.658333333
13-05-2024,24,58.4,30.03,9.08,0.53,41.78,29.53333333,55.625,6.545833333
14-05-2024,28.1,71.59,15.16,8.81,0.55,32.52,29.62916667,60.95833333,7.6875
15-05-2024,29.41,75.86,16.03,8.74,0.56,39.33,30.025,58.08333333,7.291666667
16-05-2024,29.81,75.03,14.62,11.5,0.52,29.1,28.20833333,71.625,7.5875
17-05-2024,23.24,67.39,14.43,11.39,0.47,31,27.79583333,71.20833333,8.458333333
18-05-2024,21.51,66.58,17.28,9.63,0.49,24.76,27.0125,79.70833333,5.5875
19-05-2024,25.84,62.18,29.52,10.07,0.58,29.77,27.2875,80.70833333,5.2
20-05-2024,28.03,62.4,16.97,11.29,0.59,23.79,29.17916667,69.66666667,6.808333333
21-05-2024,28.12,71.82,14.55,10.37,0.61,29.03,29.77083333,63.5,8.658333333
22-05-2024,26.69,71.54,14.13,10.58,0.54,27.65,29.55,68.04166667,6.475
23-05-2024,30.3,80.03,16.69,10.95,0.68,28.09,30.80416667,56.20833333,7.341666667
24-05-2024,29.78,71.86,17.79,11.36,0.63,28.11,32.5,49.125,10.15416667
25-05-2024,32.6,77.32,16.18,11.19,0.53,33.05,32.125,48.54166667,12.225
26-05-2024,29.84,69.1,15.79,10.25,0.52,31.56,32.1375,49.16666667,18.70833333
27-05-2024,24.42,65.42,13.94,11.03,0.53,23.83,31.52916667,56.79166667,20.5875
28-05-2024,31.39,71.94,14.03,9.58,0.39,20.87,32.10416667,48.75,18.89583333
29-05-2024,28.35,73.22,14.1,11.94,0.53,27.33,32.65416667,44.29166667,16.45
30-05-2024,29.38,76.37,16.34,12.16,0.53,27.54,32.83333333,42.08333333,11.79166667
31-05-2024,35.84,85.62,19.18,13.25,0.61,25.13,33.8,38.375,11.50833333
01-06-2024,36.96,94.72,16.65,13.91,0.61,25.81,34.025,44.41666667,8.8125
02-06-2024,30.74,77.11,13.91,10.98,0.54,25.29,29.28333333,70.83333333,9.625
03-06-2024,23.89,62.53,13.01,10.16,0.55,23.41,28.32083333,63.75,8.916666667
04-06-2024,27.02,59.76,12.91,9.4,0.53,25.02,28.45833333,72.875,6.420833333
05-06-2024,26.39,57.77,13.56,9.52,0.55,31.6,26.74166667,83.33333333,7.225
06-06-2024,25.62,60.23,15.63,9.38,0.65,31.73,27.325,80.54166667,9.904166667
07-06-2024,26.04,57.89,14.77,10.5,0.56,30.87,27.12916667,76.04166667,9.375
08-06-2024,23.15,57.19,25.05,11.64,0.5,31.88,26.3875,79.79166667,8.416666667
09-06-2024,18.06,47.86,29.57,8.82,0.45,33.67,26.68333333,75.70833333,10.0625
10-06-2024,23.62,59.29,23.04,11.77,0.5,33.72,25.50416667,83.83333333,13.53333333
11-06-2024,22.72,57.36,16,11.53,0.48,27.98,25.4125,85.66666667,13.18333333
12-06-2024,24.55,59.88,15.1,11.38,0.47,22.55,25.97083333,81.25,15.28333333
13-06-2024,22.62,57.4,15.39,9.53,0.49,22.36,26.19583333,83.125,14.5375
14-06-2024,19.11,54.31,13.11,9.67,0.5,21.73,26.15416667,80.83333333,14.75416667
15-06-2024,19.03,53.13,13.34,11.17,0.46,20.87,27.49166667,72.54166667,15.11666667
16-06-2024,17.66,47.19,13.93,9.54,0.41,23.62,27.6375,72.33333333,11.9375
17-06-2024,20.87,52.51,13.69,9.6,0.59,20,27.96666667,72.375,11.2625
18-06-2024,23.06,54.44,14.43,9.88,0.56,21.69,28.25416667,71,13.99583333
19-06-2024,20.9,53.96,14.64,10.88,0.51,21.33,27.40416667,71.625,16.59583333
20-06-2024,22.67,58.35,14.41,10.36,0.47,20.5,27.9875,65.33333333,17.16666667
21-06-2024,24.56,56.44,14.34,11.07,0.48,22.48,27.675,71.375,16.72916667
22-06-2024,26.67,60.09,14.21,10.73,0.53,20.7,25.64583333,83.04166667,7.929166667
23-06-2024,24.46,55.08,14.24,8.05,0.54,21.08,27.57083333,71.75,12.14166667
24-06-2024,21.94,54.2,12.77,8.98,0.47,23.63,27.8,67.54166667,12.47083333
25-06-2024,21.67,55.1,13.21,10.55,0.47,21.89,27.26666667,75.875,14.14166667
26-06-2024,23.03,52.82,12.92,10.89,0.45,20.53,27.14166667,76.54166667,17.76666667
27-06-2024,18.75,51.76,13.26,8.78,0.52,19.49,24.9125,86.66666667,18.5
28-06-2024,22.5,55.23,13.47,9.61,0.46,19,25.42916667,83.375,18.6
29-06-2024,22.89,56.04,14.39,10.03,0.5,18.48,26.89166667,74.875,17.27916667
30-06-2024,26.41,51.24,13.29,9.51,0.48,19.29,25.24583333,85.79166667,16.12916667
01-07-2024,52.75,56.16,12.67,9.26,0.51,19.07,26.53333333,73.125,20.25
02-07-2024,55.86,54.26,12.85,7.92,0.47,21.58,26.32083333,74.45833333,21.60833333
03-07-2024,24.76,54.48,14.3,9.51,0.51,22.89,26.9875,71.625,19.2875
04-07-2024,23.31,57.33,14.4,10.74,0.49,23.01,27.1125,72.375,18.21666667
05-07-2024,22.5,53.45,15.48,9.27,0.48,21.57,26.27083333,77.625,18.33333333
06-07-2024,23.36,54.5,14.03,9.13,0.5,23.85,25.69166667,80.08333333,19.3875
07-07-2024,22.81,55.22,13.82,9.13,0.49,23.3,25.25,82.83333333,13.87083333
08-07-2024,22.79,56.2,15.04,8.76,0.5,21.65,25.09166667,85.29166667,11.70416667
09-07-2024,23.97,61.32,15.34,7.98,0.47,22.13,25.4,82.875,13.10833333
10-07-2024,23.31,61.07,14.97,8.41,0.48,21.25,26.74583333,72.58333333,15.1125
11-07-2024,20.83,55.12,14.94,10.18,0.48,24.13,26.375,77.54166667,16.96666667
12-07-2024,23.16,56.39,14.84,8.01,0.5,20.53,26.37916667,76.54166667,19.44166667
13-07-2024,21.42,55.45,14.05,7.98,0.47,19.56,26.25416667,76.75,22.3875
14-07-2024,18.64,45.02,14.24,7.82,0.46,21.5,24.44583333,89.16666667,18.175
15-07-2024,20.46,49.4,14.28,9.17,0.48,17.33,24.79583333,87.25,16.2625
16-07-2024,18.63,47.14,14.74,7.85,0.47,20,25.8125,79.66666667,20.38333333
17-07-2024,17.46,49.47,14.03,7.78,0.42,21.04,25.37083333,81.125,20.25
18-07-2024,18.36,48.29,15.04,8.34,0.48,17.58,24.9125,86.54166667,21.77083333
19-07-2024,19.27,46.83,13.56,7.98,0.43,17.84,23.9625,89.375,24.8875
20-07-2024,16.74,39.7,13.64,7.19,0.46,16.72,23.57083333,90.41666667,26.425
21-07-2024,17.69,41.72,12.95,5.73,0.42,14.91,24.37083333,85.58333333,23.71666667
22-07-2024,19.78,50.33,14.02,7.83,0.45,20.01,24.27083333,87.54166667,23.24166667
23-07-2024,18.42,45.03,12.81,7.68,0.43,18.74,24.39166667,87.04166667,24.41666667
24-07-2024,17.38,42.99,12.89,7.42,0.46,17.24,23.42083333,90.70833333,24.90416667
25-07-2024,17.14,41.6,12.9,6.56,0.49,18.1,23.25,91.29166667,24.4
26-07-2024,20.53,45.63,13.92,7.61,0.49,18.28,24.28333333,84.04166667,23.24166667
27-07-2024,19.51,49.63,14.11,7.81,0.5,18.12,23.8625,89.04166667,23.0875
28-07-2024,20.61,52.65,13.86,8.25,0.56,19.54,25.5,78.91666667,21.76666667
29-07-2024,20.7,56.1,14.92,9.07,0.56,19.96,25.5,83.29166667,17.14583333
30-07-2024,23.06,56.96,14.67,9.54,0.54,22.52,26.22916667,76.83333333,18.85
31-07-2024,22.11,57.37,15.31,9.45,0.53,20.09,26.3625,77.29166667,17.60833333
01-08-2024,22.92,53,14.58,7.8,0.49,17.59,25.40416667,82.58333333,18.56666667
02-08-2024,20.81,52.86,14.31,7.67,0.51,21.51,24.775,83.83333333,21.7375
03-08-2024,21.59,55.16,13.94,8.27,0.52,22.67,25.65416667,76.75,21.025
04-08-2024,20.78,53.09,13.13,7.98,0.46,20.96,25.3125,80.625,16.9625
05-08-2024,24.18,59.89,14.87,9.18,0.58,22.05,26.02083333,77.33333333,15.30833333
06-08-2024,20.56,57.9,15.68,9.31,0.62,18.99,25.23333333,83.54166667,15.675
07-08-2024,21.26,55.56,15.16,8.08,0.63,17.7,23.53333333,91.83333333,13.77083333
08-08-2024,25.23,57.56,15.06,8.73,0.57,16.53,24.7625,83.375,12.525
09-08-2024,25.62,61.88,16.19,9.52,0.58,18.65,25.6875,79.66666667,9.883333333
10-08-2024,27.16,57.55,14.12,9.92,0.6,20.19,26.275,77.04166667,10.25
11-08-2024,22.02,56.58,14.71,9.59,0.51,19.3,26.05,75.70833333,11.60833333
12-08-2024,25.43,62.47,14.36,9.42,0.68,19.1,24.925,86.54166667,7.4375
13-08-2024,25.33,71.21,15.5,8.69,0.61,20.04,26.7625,81.16666667,6.166666667
14-08-2024,34.15,82.4,16.56,7.78,0.67,23.54,27.00833333,81,4.0125
15-08-2024,32.88,69.66,15.91,7.56,0.57,20.48,26.55,83.29166667,4.175
16-08-2024,26.44,68.83,15.76,9.25,0.63,22.85,25.51666667,88.33333333,4.820833333
17-08-2024,25.52,66.24,15.4,9.05,0.57,19.63,26.74583333,81.125,5.245833333
18-08-2024,28.14,67.69,15.13,9.07,0.61,19.8,26.54583333,83.83333333,4.316666667
19-08-2024,27.32,62.16,15.71,9.79,0.69,20.87,25.41666667,89.95833333,4.008333333
20-08-2024,24.53,62.68,16.34,10.91,0.74,23.8,25.6625,85,4.383333333
21-08-2024,25.19,64.14,18.22,11.45,0.75,23.92,26.9,80.875,7.929166667
22-08-2024,23.44,70.55,14.63,11.72,0.5,21.65,25.95,80.75,12.19166667
23-08-2024,21.28,50.54,14.42,9.95,0.52,23.01,25.7125,79,15.7375
24-08-2024,24.92,47.87,13.81,9,0.62,20,24.125,87.08333333,23.08333333
25-08-2024,16.48,43.01,15.74,8.4,0.64,19.48,24.23333333,84,20.45
26-08-2024,22.82,49.61,14.76,8.64,0.6,19.63,25.18333333,79.875,19.56666667
27-08-2024,18.49,49.48,15.66,9.23,0.51,18.71,25.35,78.95833333,17.69166667
28-08-2024,23.56,62.52,16.49,9.61,0.64,20.8,25.53333333,77,17.57916667
29-08-2024,21.53,53.14,16.67,9.61,0.59,21.58,25.37916667,79.45833333,15.05416667
30-08-2024,22.17,59.32,16.49,9.86,0.64,21.01,23.61666667,91.16666667,14.7625
31-08-2024,24.18,59.47,14.6,8.47,0.59,20.82,23.39583333,91.5,22.37083333
01-09-2024,52.47,47.04,12.76,7.61,0.6,18.99,22.38333333,92.04166667,22.82916667
02-09-2024,57.2,46.51,12.84,7.62,0.53,18.9,23.80416667,85.45833333,20.24583333
03-09-2024,20.45,53.06,14.23,16.35,0.6,21.88,24.80416667,85.45833333,17.1375
04-09-2024,21.56,52.89,14.03,9.31,0.6,21.11,24.62083333,85,18.97083333
05-09-2024,20.62,49.48,13.59,9.25,0.54,23.54,25.25416667,82.83333333,15.87916667
06-09-2024,20.52,53.28,14.36,9.31,0.55,23.15,25.37083333,82.79166667,15.74166667
07-09-2024,19.8,53.22,14.13,10.07,0.48,22.39,24.05833333,89.125,16.69166667
08-09-2024,16.76,48.01,15.48,9.15,0.52,21.38,23.9625,90.75,16.44166667
09-09-2024,21.09,54.21,16.55,10.04,0.54,20.27,23.65,90.625,18.24166667
10-09-2024,20.04,52.55,13.94,10.05,0.55,20.6,25.31666667,79.41666667,19.375
11-09-2024,20.74,54.7,14.42,10.64,0.5,23.05,25.23333333,75.41666667,17.64583333
12-09-2024,21.54,58.55,15.57,11.1,0.49,20.95,25.15833333,74.125,16.6375
13-09-2024,25.15,70.1,15.76,13.22,0.48,21.13,24.96666667,73.375,14.67083333
14-09-2024,24.83,68.71,15.8,12.73,0.52,20.39,25.075,73.875,13.39583333
15-09-2024,23.54,65.5,16.15,13.6,0.52,21.16,25.46666667,73.375,15.45
16-09-2024,24.41,65.43,15.63,13.07,0.58,22.54,24.67916667,75.29166667,15.10416667
17-09-2024,27.92,69.81,15.84,13.05,0.55,23.15,25.18333333,71.95833333,13.17083333
18-09-2024,29.47,84.24,15.35,10.86,0.55,25.05,25.025,74.75,9.520833333
19-09-2024,32.57,84.63,14.76,10.91,0.63,25.55,25.9375,73.875,6.720833333
20-09-2024,31.28,78.48,15.03,12.51,0.57,26.49,26.14166667,77.125,8.683333333
21-09-2024,26.99,64.61,14.49,11.52,0.59,21.06,24.87083333,85.91666667,9.233333333
22-09-2024,26.06,62.4,13.53,8.74,0.58,24.05,24.91666667,85.70833333,9.208333333
23-09-2024,31.07,68.31,14.68,10.69,0.6,24.86,25.03333333,88.45833333,6.9
24-09-2024,26.1,61.15,15.18,10.77,0.6,21.97,25.3625,85,6.170833333
25-09-2024,23.54,56.81,15.15,10.52,0.63,21.7,24.97083333,86.95833333,10.49166667
26-09-2024,19.72,47.63,13.85,8.3,0.57,21.69,25.025,84.08333333,14.675
27-09-2024,20.54,53,14.01,9.78,0.49,22.17,25.30833333,78.95833333,12.9875
28-09-2024,20.91,55.8,15.64,12.44,0.51,22.82,25.52916667,79.54166667,8.208333333
29-09-2024,26.86,66.17,15.43,13.44,0.61,23.81,26.42083333,79.91666667,4.383333333
30-09-2024,28.44,66.26,15.63,13.76,0.63,26.38,25.98333333,84.70833333,3.916666667
01-10-2024,32.27,78.19,18.19,12.37,0.68,27.3,26.4875,81.29166667,4.175
02-10-2024,24.02,62.12,17.01,13.33,0.56,24.32,26.59583333,81,8.666666667
03-10-2024,27.3,68.2,15.95,14.7,0.64,21.51,26.24166667,81.625,9.741666667
04-10-2024,28.11,70.26,15.96,13.61,0.59,24.83,25.8875,80.91666667,7.358333333
05-10-2024,28.91,69.99,16.43,11.92,0.72,23.36,25.1875,85.08333333,6.841666667
06-10-2024,37.4,87.86,17.03,10.7,0.73,24.29,25.575,82.04166667,6.266666667
07-10-2024,45.82,91.04,16.3,10.79,0.7,27.93,25.52083333,79.16666667,6.866666667
08-10-2024,34.75,85.1,14.18,10.62,0.58,26.34,25.5,80,7.908333333
09-10-2024,22.32,72.83,13.58,11.86,0.58,23.68,25.44583333,82.25,9.2875
10-10-2024,23.49,63.59,12.77,10.91,0.59,24.54,25.18333333,83.08333333,11.82916667
11-10-2024,18.76,54.87,12.67,12.85,0.53,22.68,25.02916667,84.54166667,13.20833333
12-10-2024,18.89,56.55,12.72,8.93,0.52,18.02,25.01666667,85.25,10.85416667
13-10-2024,21.5,60.61,12.07,11.2,0.57,21.16,25.275,82.75,8.191666667
14-10-2024,26.74,67.99,14.41,12.88,0.63,22.73,25.29583333,82.875,6.0375
15-10-2024,22.75,66.13,14.26,9.82,0.51,21.13,24.77916667,85.33333333,7.45
16-10-2024,21.91,63.99,14.5,8.91,0.7,25.2,25.125,85.25,7.55
17-10-2024,18.97,57.03,14.39,8.97,0.64,27.82,25.20416667,85.95833333,13.33333333
18-10-2024,20.43,63.51,15.47,10.13,0.72,24.41,25.11666667,86.16666667,9.879166667
19-10-2024,20.56,69.77,15.7,10.06,0.65,23.46,25.375,83,8.3875
20-10-2024,22.11,69.29,14.87,10.76,0.59,19.73,24.37083333,85.5,7.391666667
21-10-2024,25.22,72.69,13.93,12.05,0.72,23.86,25.00416667,82.5,6.170833333
22-10-2024,24.62,68.99,17.41,11.7,0.63,24.33,24.28333333,85.91666667,3.691666667
23-10-2024,33.99,81.6,20.43,15.28,0.7,26.17,24.91666667,72.08333333,7.795833333
24-10-2024,52.97,106.48,23.93,14.69,0.86,23.2,24.39166667,67.45833333,8.358333333
25-10-2024,46.51,102.7,21.6,14.1,0.91,26.4,24.52916667,61.95833333,10.56666667
26-10-2024,42.88,101.83,21.41,14.48,0.77,23.61,24.31666667,67.875,10.38333333
27-10-2024,43.41,96.71,22.9,16.34,0.9,24.45,24.82916667,65.75,6.3375
28-10-2024,49.15,112.22,23.71,11.41,1.01,27.42,25.14166667,65.95833333,4.079166667
29-10-2024,52.02,113.86,21.9,11.67,0.99,28.12,25.75416667,69.58333333,3.5375
30-10-2024,49.16,109.24,20.93,11.73,0.8,32.05,24.52916667,83.41666667,6.495833333
31-10-2024,49.37,124.03,21.49,15.04,0.8,27.03,24.60833333,84.91666667,6.120833333
01-11-2024,48.94,114.87,21.87,13.48,0.91,25.69,24.54583333,84.83333333,6.020833333
02-11-2024,47.85,122.5,20.73,10.28,0.84,23.58,24.76666667,81.625,7.0875
03-11-2024,42.46,104.94,19.91,12.41,0.83,27.88,24.38333333,79.5,7.3
04-11-2024,41.76,105.14,20.35,11.73,0.8,25.7,24.1875,74,6.1875
05-11-2024,45.79,106.74,22.36,12.56,0.83,26.92,24.15,63.70833333,7.354166667
06-11-2024,46.68,107.17,22.5,12.44,0.9,31.44,24.00833333,59.41666667,8.75
07-11-2024,44.65,103.03,22,14.52,0.77,28.92,23.65833333,61.70833333,6.441666667
08-11-2024,47.68,107.47,22.22,14.59,0.8,27.12,23.96666667,66.375,6.420833333
09-11-2024,44.23,105.32,17.87,14.54,0.8,22.5,23.69583333,66,7.629166667
10-11-2024,46.18,101.61,17.72,18.42,0.85,22.67,24.33333333,57.04166667,8.741666667
11-11-2024,53.67,111.77,18.6,13.73,0.71,28.69,24.2,60.29166667,10.39583333
12-11-2024,48.71,112.59,22.8,13.42,0.76,28.03,26.0625,57.625,10.00416667
13-11-2024,45.89,102.72,22.57,15.08,0.76,26.75,26.24166667,62.45833333,8.745833333
14-11-2024,39.63,95.47,20.59,12.86,0.79,23.54,25.22083333,76.66666667,5.304166667
15-11-2024,44.55,104.73,21.65,14.84,0.73,24.64,26.39166667,61.58333333,7.1875
16-11-2024,50.77,111.93,28.11,20.23,0.81,29.23,26.00833333,46.20833333,8.270833333
17-11-2024,51.16,112.96,26.84,21.16,0.88,31.41,24.61666667,47.5,8.191666667
18-11-2024,50.14,113.4,26.37,14.9,0.78,36.59,23.97916667,49.45833333,7.345833333
19-11-2024,52.1,112.23,24.62,14.18,0.83,33.39,23.6625,48.875,7.033333333
20-11-2024,52.28,114.86,25.73,11.79,0.86,31.62,23.59166667,50.08333333,5.95
21-11-2024,50.3,110.27,24.36,12.08,0.94,31.77,23.79583333,48.875,5.620833333
22-11-2024,52.34,112.16,27.14,15.11,0.92,32.96,23.61666667,49.70833333,6.241666667
23-11-2024,53.62,115.7,25.46,14.2,0.9,30.29,23.64583333,52.33333333,4.358333333
24-11-2024,52.89,113.43,25.2,15.39,0.93,28.34,23.5625,53.08333333,5.883333333
25-11-2024,55.63,109.79,24.73,15.04,0.85,26.38,22.775,50.70833333,7.454166667
26-11-2024,45.87,109.8,28.33,16.69,0.89,23.3,23.75833333,48.29166667,7.454166667
27-11-2024,43.17,105.29,30.05,17.34,0.85,26.09,22.74583333,45.75,8.95
28-11-2024,44.2,108.79,31.73,20.66,0.94,31.92,22.07916667,44.08333333,11.15416667
29-11-2024,53.63,101.87,26.67,17.64,0.85,28.64,24.225,55.04166667,8.620833333
30-11-2024,44.35,99.22,26.2,14.27,0.84,26.32,24.95833333,67.625,10.3375
01-12-2024,40.66,88.26,22.43,13.62,0.88,19.75,24.72916667,78.04166667,11.375
02-12-2024,27.48,62.25,17.48,9.63,0.7,23.22,23.63333333,86,10.50833333
03-12-2024,26.4,64.28,17.99,7.94,0.89,21.23,23.95416667,86.29166667,10.25
04-12-2024,29.92,76.13,18.8,9.66,0.8,25.32,24.88333333,79,7.4
05-12-2024,37.22,85.91,20.75,9.94,0.84,25.21,23.95416667,85.04166667,6.354166667
06-12-2024,32.3,79.83,19.83,8.73,0.74,21.67,24.87083333,78.375,4.4375
07-12-2024,32.27,79.51,20.61,9.64,0.76,19.29,25.49166667,71.16666667,3.216666667
08-12-2024,24,60.57,17.95,6.4,0.68,19.7,24.6125,78.29166667,3.6
09-12-2024,34.36,75.45,18.85,8.36,0.76,19.84,24.24583333,77.625,3.954166667
10-12-2024,43.46,95.67,22.39,10.47,0.72,24.62,23.57083333,67.83333333,8.6375
11-12-2024,40.28,96.88,28.37,13.52,0.79,28.32,22.44166667,55.25,6.983333333
12-12-2024,41.87,99.72,29.1,17.07,0.84,29.44,22.48333333,52.5,4.55
13-12-2024,48.37,111.72,29.39,17.36,0.83,36.41,22.2125,53,7.054166667
14-12-2024,50.81,117.35,30.55,17.53,0.82,34.47,21.78333333,54.45833333,7.1875
15-12-2024,53.73,113.67,30.31,18.57,0.92,40.29,21.1875,48.20833333,6.116666667
16-12-2024,49.17,113.17,28.84,16.93,0.88,30.12,21.14166667,51.20833333,5.341666667
17-12-2024,49.21,112.94,29.45,13.23,1.18,22.86,21.5,53.375,4.020833333
18-12-2024,53.63,117.48,31.96,18.78,1.16,23.95,22.96666667,50.33333333,5.6375
19-12-2024,44.13,104,27.9,14.74,0.9,25.28,24.16666667,64.625,5.666666667
20-12-2024,37.37,88.72,21.35,9.41,0.84,25.13,24.79166667,72.5,5.408333333
21-12-2024,41.73,99.65,21.93,9.92,0.96,21.26,24.80416667,65.83333333,6.75
22-12-2024,36.77,88.97,21.28,8.19,0.77,23.93,24.14166667,65.41666667,6.529166667
23-12-2024,39.64,96.88,20.86,9.71,0.76,25.01,24.3125,61.41666667,6.908333333
24-12-2024,36.01,90.18,21.02,8.62,0.72,25.16,24.49166667,61.95833333,7.408333333
25-12-2024,21.4,65.5,19.32,8.41,0.68,25.7,23.16666667,76.75,8.704166667
26-12-2024,25.3,60.24,18.14,8.47,0.68,20.65,22.54583333,85.125,10.72083333
27-12-2024,29.87,72.43,16.65,8.24,0.74,21.59,22.725,75.58333333,11.4
28-12-2024,37.19,88.2,18.37,7.88,0.94,23.98,23.28333333,71.08333333,8.741666667
29-12-2024,39.79,85.68,21.32,8.59,0.75,23.39,24.0125,63.5,6.7375
30-12-2024,39.6,97.67,21.72,9.23,0.8,23.06,24.7875,53.41666667,5.695833333
31-12-2024,44.5,101.63,20.09,9.39,0.81,25.05,24.7625,57.75,6.0375
